cgpa,attendance,skills_score,internships,projects,aptitude_score,placed
6.87,59.26,48.32,2,0,30.9,0
9.75,77.1,47.29,0,2,45.87,1
8.66,93.65,93.44,0,2,69.68,1
7.99,86.61,47.47,3,3,54.61,1
5.78,90.33,49.04,2,4,72.73,0
5.78,82.94,83.16,1,1,31.69,0
5.29,84.61,61.48,3,0,38.15,0
9.33,92.46,84.37,2,0,38.9,1
8.01,62.48,34.58,2,4,43.25,1
8.54,74.47,64.13,1,3,62.15,1
5.1,61.06,32.35,3,3,82.65,0
9.85,99.38,34.39,2,4,93.39,1
9.16,97.2,93.45,2,3,88.48,1
6.06,51.97,39.75,2,0,43.78,0
5.91,85.28,67.27,1,0,60.88,0
5.92,96.26,58.78,3,1,43.96,0
6.52,59.03,54.31,3,4,48.51,1
7.62,78.4,92.99,3,2,65.25,1
7.16,95.77,31.53,3,2,34.77,0
6.46,51.7,76.47,0,1,45.27,0
8.06,84.87,97.44,0,1,95.48,1
5.7,64.87,69.21,3,3,62.63,0
6.46,96.22,95.58,1,1,61.18,0
6.83,98.55,33.66,0,1,31.02,0
7.28,97.21,59.32,2,2,47.32,1
8.93,73.71,48.21,0,3,90.64,1
6.0,93.1,81.16,2,1,41.52,0
7.57,92.23,98.69,3,1,59.06,1
7.96,65.96,47.96,0,3,31.0,0
5.23,91.45,75.79,1,4,63.48,0
8.04,51.85,43.87,0,3,31.47,0
5.85,79.81,69.57,0,2,87.37,0
5.33,61.5,62.48,0,4,87.74,0
9.74,56.03,98.04,3,0,85.14,1
9.83,53.85,72.6,1,3,49.84,1
9.04,84.81,54.47,0,2,88.61,1
6.52,66.99,37.99,1,4,68.01,0
5.49,86.24,40.59,3,3,56.17,0
8.42,53.27,45.77,2,1,73.77,0
7.2,65.76,47.57,0,3,30.86,0
5.61,76.97,89.54,1,0,40.01,0
7.48,89.54,69.29,1,3,81.96,1
5.17,65.94,66.64,3,4,47.09,0
9.55,81.29,38.03,0,4,71.86,1
6.29,94.3,90.21,2,3,56.96,1
8.31,80.79,80.6,1,4,89.84,1
6.56,61.65,34.74,0,1,96.67,0
7.6,51.22,79.55,2,3,91.85,1
7.73,93.5,68.05,1,1,48.94,0
5.92,51.06,35.72,1,1,43.59,0
9.85,93.74,62.08,2,2,63.21,1
8.88,76.45,63.93,2,3,30.51,1
9.7,96.95,41.6,3,4,31.81,1
9.47,89.94,96.2,0,1,68.73,1
7.99,99.9,89.5,0,2,66.43,1
9.61,67.54,76.83,3,3,99.62,1
5.44,88.36,62.36,1,3,44.13,0
5.98,70.1,58.82,2,0,48.07,0
5.23,73.99,75.57,2,0,37.95,0
6.63,81.38,68.18,2,1,94.23,0
6.94,93.68,34.36,1,0,84.45,0
6.36,99.2,65.88,2,1,87.56,0
9.14,88.41,86.45,2,4,93.19,1
6.78,70.89,62.15,3,1,66.74,0
6.4,71.07,33.64,1,0,61.58,0
7.71,86.88,85.04,0,4,53.13,1
5.7,61.94,44.1,3,0,71.25,0
9.01,55.52,48.1,3,1,61.8,1
5.37,67.73,41.53,0,2,61.61,0
9.93,64.36,53.12,3,3,95.58,1
8.86,64.82,82.97,1,0,98.88,1
5.99,61.68,66.36,2,1,85.75,0
5.03,52.1,44.34,1,4,82.97,0
9.08,50.89,91.45,0,0,77.64,0
8.53,99.39,91.57,0,0,41.63,0
8.65,71.39,90.94,3,3,34.14,1
8.86,69.22,46.72,1,1,78.35,1
5.37,83.98,61.59,1,2,81.02,0
6.79,60.91,98.95,0,4,33.29,0
5.58,97.5,84.04,1,1,94.96,0
9.32,89.32,31.9,0,4,36.38,1
8.12,54.47,34.56,1,0,50.01,0
6.65,70.88,62.48,1,3,77.07,0
5.32,93.96,93.65,1,3,41.89,0
6.55,97.24,67.71,0,2,33.88,0
6.63,73.37,64.85,3,3,53.18,1
8.65,80.67,37.38,1,0,83.62,0
8.19,58.35,75.97,0,2,58.96,0
9.44,99.56,87.55,0,1,75.71,1
7.36,61.58,56.63,1,3,70.57,0
5.6,97.14,84.29,1,2,31.56,0
8.57,82.48,97.51,3,0,99.2,1
8.8,80.39,44.26,0,4,32.9,1
7.81,75.63,66.63,0,4,97.75,1
8.85,61.53,50.1,2,0,68.49,1
7.47,58.83,85.5,0,0,97.42,0
7.61,61.02,70.43,3,4,38.03,1
7.14,59.32,74.42,2,2,64.33,0
5.13,88.98,85.85,2,4,41.87,0
5.54,67.51,57.72,2,0,33.57,0
5.16,52.89,94.06,1,3,73.23,0
8.18,98.46,67.31,1,1,44.54,1
6.57,94.19,41.06,0,3,71.14,0
7.54,96.39,78.71,2,3,37.87,1
9.54,99.75,85.53,3,0,53.24,1
6.25,58.69,52.17,1,4,84.71,0
7.05,69.81,90.0,3,2,60.59,1
8.78,87.91,93.43,3,3,73.94,1
6.14,84.8,49.38,1,4,75.32,0
5.38,57.69,98.85,1,2,89.06,0
6.45,90.79,39.85,1,3,52.74,0
5.81,61.22,44.14,1,2,78.11,0
9.65,61.19,42.9,2,4,97.31,1
9.04,76.85,92.58,2,1,81.12,1
8.17,79.65,75.8,2,4,64.29,1
9.36,79.0,40.65,2,0,74.15,1
9.02,54.57,60.82,0,2,81.78,1
5.93,93.87,73.07,2,1,72.86,0
9.46,63.28,35.84,1,2,31.17,0
7.7,56.48,91.77,3,2,43.63,1
9.04,94.44,86.25,2,3,86.73,1
9.48,97.78,65.36,0,0,49.09,1
6.59,93.11,97.7,1,2,81.21,1
5.55,90.48,59.24,3,4,56.05,1
6.14,82.76,98.89,3,4,66.53,1
7.14,77.54,76.75,2,3,34.76,1
9.09,54.35,74.43,3,0,42.69,1
9.3,70.42,41.62,2,0,97.0,1
5.03,68.63,91.73,2,4,92.31,1
7.55,62.99,59.92,1,1,75.66,0
7.09,86.17,41.36,1,3,62.18,0
6.11,74.79,30.88,0,3,77.3,0
5.6,54.05,69.18,1,4,73.3,0
6.69,61.01,66.92,1,4,69.8,0
9.71,84.16,80.35,2,1,34.14,1
6.62,53.81,92.32,1,1,74.3,0
7.59,92.56,35.56,2,0,83.82,0
8.52,74.76,81.2,2,3,99.59,1
6.82,74.03,43.12,1,3,30.78,0
9.86,79.62,90.07,0,4,81.11,1
9.81,91.23,87.33,0,0,70.03,1
6.26,67.39,67.86,3,3,60.38,1
7.49,83.9,79.72,3,0,38.93,1
6.5,78.29,52.0,1,0,58.64,0
6.42,63.35,62.98,0,4,54.81,0
5.18,93.93,87.51,2,0,51.2,0
8.05,89.87,62.15,3,1,81.16,1
7.51,82.92,55.05,2,1,79.05,1
5.26,92.53,64.59,3,2,71.23,0
6.39,93.36,87.98,1,4,95.71,1
9.54,85.42,53.46,0,2,54.49,1
6.2,91.85,42.16,3,1,47.07,0
5.72,84.87,79.84,0,2,75.91,0
7.45,84.01,87.82,2,4,43.92,1
9.93,80.93,37.04,1,4,52.05,1
6.21,87.64,46.79,0,0,45.72,0
8.36,57.93,39.94,1,3,34.84,0
8.81,94.04,54.36,0,0,87.92,0
6.19,93.59,61.52,2,4,47.82,1
8.64,51.46,82.42,2,1,63.11,1
6.84,91.29,75.58,1,1,33.03,0
8.16,56.44,73.46,2,0,78.95,1
8.17,66.76,54.67,3,4,53.14,1
7.68,87.18,88.9,0,1,82.13,0
5.45,58.04,62.99,2,4,58.87,0
9.18,90.9,98.54,3,1,43.7,1
6.6,91.61,74.39,1,4,65.92,1
5.93,75.37,38.84,3,2,39.14,0
5.2,50.32,77.33,1,4,60.84,0
7.95,64.35,52.76,1,4,52.21,1
8.39,80.85,78.04,0,0,93.84,0
5.08,99.06,34.87,0,2,34.27,0
7.56,81.59,42.24,3,3,78.58,1
6.13,62.99,89.9,0,0,42.79,0
8.23,81.7,45.9,0,3,52.33,0
5.87,77.0,88.59,0,1,59.09,0
8.45,88.99,49.55,3,3,93.56,1
6.93,55.35,75.0,2,4,46.98,1
9.68,88.05,78.59,0,3,36.39,1
5.69,77.06,65.89,0,0,52.31,0
6.71,98.15,51.37,3,0,37.33,0
5.57,67.09,44.89,2,3,39.0,0
9.62,81.63,32.32,0,0,70.17,0
9.39,96.6,51.28,1,0,34.26,1
6.29,55.13,75.72,3,3,32.17,0
8.3,96.86,95.68,0,2,80.01,1
9.09,84.39,90.98,0,2,55.32,1
7.78,53.39,83.62,1,1,38.78,0
7.65,65.05,85.19,1,0,47.75,0
6.21,85.41,76.55,3,3,74.95,1
5.47,53.37,48.22,3,0,49.29,0
9.49,79.11,93.5,1,4,64.62,1
9.5,67.29,76.95,3,0,38.52,1
8.17,81.05,69.23,1,0,71.17,0
6.7,52.29,37.77,0,2,52.13,0
6.75,93.58,61.29,1,3,73.89,0
8.63,98.67,62.23,1,0,86.59,1
9.49,98.44,90.52,2,2,72.82,1
9.44,87.48,68.27,1,1,50.7,1
8.9,56.5,56.63,1,2,47.9,1
8.21,87.91,98.38,2,2,52.92,1
5.42,51.23,37.75,3,2,41.52,0
5.81,51.11,59.58,2,0,42.68,0
9.49,66.18,32.94,0,0,85.35,0
8.03,74.43,81.79,2,1,56.93,1
5.05,88.52,94.27,0,4,60.52,0
5.51,84.16,49.6,3,4,71.58,1
8.32,72.3,90.08,2,4,71.28,1
5.03,63.68,50.46,2,1,34.72,0
5.8,99.86,93.75,3,4,88.21,1
7.74,71.31,82.78,0,4,42.41,1
8.46,72.57,86.34,2,2,80.62,1
8.26,58.18,31.26,0,0,84.09,0
6.12,89.74,97.4,2,0,80.04,0
8.56,84.68,80.87,1,2,70.53,1
6.19,61.04,51.33,2,2,31.02,0
6.63,54.12,88.06,3,2,55.23,1
8.73,84.02,49.71,3,0,72.34,1
8.25,82.73,91.09,0,4,57.12,1
9.25,63.66,37.88,2,2,90.44,1
8.29,97.54,79.26,0,1,51.62,0
7.84,57.55,67.85,0,2,50.55,0
5.47,71.62,36.76,1,3,48.62,0
6.84,97.18,46.93,1,2,53.29,0
6.33,70.99,30.87,3,0,69.02,0
6.22,81.93,62.81,0,2,79.49,0
9.87,69.88,51.09,3,3,76.38,1
6.97,63.71,71.89,2,1,86.54,0
9.46,99.2,50.81,0,4,92.01,1
8.16,70.47,50.99,0,2,87.13,0
8.97,94.7,82.02,2,3,31.33,1
7.51,61.5,33.37,2,3,81.51,1
7.88,60.66,93.2,3,1,44.59,1
7.46,51.56,89.66,3,0,39.3,0
5.98,82.58,76.75,2,2,74.69,0
8.61,68.43,71.53,3,3,52.38,1
6.4,93.22,92.46,2,1,34.0,0
5.12,73.66,42.97,0,4,39.63,0
8.23,98.41,35.53,0,3,30.07,0
5.89,59.28,46.77,1,1,93.23,0
9.7,93.43,85.62,0,0,31.72,1
9.77,88.83,32.43,2,0,44.66,1
9.57,88.55,70.8,3,3,59.14,1
6.85,92.24,99.68,1,3,54.96,1
5.08,88.05,89.9,3,2,93.82,1
9.64,81.31,66.5,2,1,32.82,1
7.14,56.56,34.45,0,3,65.86,0
9.83,51.63,88.2,1,2,77.63,1
9.82,96.04,71.93,2,2,95.22,1
9.27,80.83,38.05,1,3,73.43,1
6.47,89.83,36.57,1,0,86.26,0
6.93,74.08,93.67,0,1,35.86,0
9.26,55.87,76.84,2,1,57.02,1
6.58,56.26,88.05,3,0,56.18,0
5.85,84.28,91.53,1,3,92.04,1
7.78,71.52,70.02,1,1,40.6,0
9.68,60.03,66.22,3,3,40.63,1
8.48,74.58,60.13,2,3,53.0,1
7.85,53.21,52.19,1,2,33.81,0
5.49,79.1,60.42,1,0,42.77,0
8.08,63.45,84.17,1,3,97.56,1
9.95,89.88,72.13,2,4,59.97,1
5.7,65.52,92.48,2,0,74.24,0
7.59,72.76,61.04,3,1,80.83,1
9.39,50.58,72.5,2,2,55.69,1
8.7,53.62,74.19,2,1,40.31,1
8.49,69.62,71.42,0,1,44.46,0
8.51,74.0,79.18,3,0,51.93,1
6.8,80.0,46.62,1,1,74.52,0
6.47,64.58,65.87,2,3,57.88,0
9.05,84.75,37.3,1,1,30.48,0
9.05,93.01,56.92,1,2,66.64,1
9.34,88.99,64.14,0,2,94.51,1
9.57,51.98,75.66,2,4,86.85,1
7.56,74.03,96.54,3,2,87.76,1
7.51,55.25,72.05,2,1,85.65,1
8.99,62.1,82.05,1,2,52.66,1
8.25,99.33,65.44,3,0,83.56,1
8.51,57.12,74.39,2,2,40.02,1
8.98,74.94,34.97,1,3,76.04,1
9.45,80.91,47.81,1,0,74.91,1
6.69,85.12,55.33,0,4,31.79,0
6.88,77.98,63.07,0,3,85.16,0
5.47,50.49,33.2,0,1,93.23,0
7.89,66.32,39.8,1,1,48.72,0
5.18,75.89,49.38,2,1,86.87,0
7.33,54.39,98.01,0,3,35.77,0
7.71,67.53,53.19,2,3,72.0,1
6.43,51.66,63.74,0,3,64.0,0
7.95,53.93,43.73,3,0,68.21,0
5.15,69.85,72.75,3,0,94.83,0
5.19,56.64,49.65,0,1,90.99,0
9.11,78.38,44.49,1,2,84.96,1
6.8,84.47,66.16,0,1,49.16,0
5.64,90.03,30.39,0,4,93.83,0
7.61,60.01,30.54,1,0,36.83,0
8.85,58.37,45.33,3,3,89.73,1
6.08,55.23,32.57,2,0,52.97,0
8.11,81.82,37.56,0,3,33.76,0
5.43,85.32,53.72,1,4,76.85,0
5.26,51.58,86.18,0,4,46.19,0
7.66,96.81,70.04,1,0,47.05,0
7.7,52.6,65.89,2,3,51.42,1
8.19,77.06,50.54,2,4,34.46,1
8.63,85.45,95.22,3,1,42.4,1
9.88,93.55,57.79,1,1,30.36,1
7.58,85.7,36.1,1,3,61.18,0
6.61,90.09,73.19,3,0,35.9,0
8.98,66.97,37.97,3,4,77.79,1
6.35,90.74,54.17,1,0,46.49,0
7.19,54.01,65.52,3,1,96.05,1
5.39,94.74,91.2,2,4,90.99,1
5.13,77.38,64.55,0,0,50.26,0
9.81,90.86,79.16,2,2,84.83,1
9.18,72.62,99.5,3,3,86.23,1
8.48,82.18,39.2,1,3,99.06,1
7.04,76.32,49.23,1,2,71.85,0
5.87,86.58,57.62,2,1,35.74,0
5.78,54.08,59.53,1,4,75.28,0
6.25,53.02,58.77,3,3,73.75,0
7.75,62.36,93.53,2,2,74.68,1
8.57,57.98,79.98,1,2,51.5,1
8.3,93.59,72.55,0,1,90.18,1
6.4,60.96,51.66,0,1,97.16,0
9.77,98.79,87.67,3,0,45.24,1
8.69,66.84,96.85,1,3,36.17,1
7.77,59.11,87.48,3,0,43.62,1
8.06,89.48,30.11,2,2,87.44,1
7.1,82.94,74.55,0,4,77.37,1
6.24,74.91,33.58,2,4,74.52,0
6.78,77.77,48.03,1,1,58.13,0
8.79,85.96,34.17,3,4,70.45,1
5.07,61.42,72.27,3,4,51.55,0
5.58,99.82,78.06,3,4,63.4,1
5.23,98.74,38.01,2,2,85.51,0
5.2,82.52,56.87,0,4,98.69,0
9.28,59.98,61.94,2,4,95.27,1
8.52,84.01,55.83,2,4,95.37,1
7.37,53.61,38.47,1,0,58.16,0
5.49,51.53,59.33,1,2,62.82,0
7.46,62.88,82.58,1,1,79.39,0
7.37,73.13,34.97,0,0,94.55,0
5.87,93.41,35.61,0,3,39.94,0
7.17,86.36,54.83,1,2,51.3,0
6.99,87.14,95.92,1,2,39.75,0
8.08,71.27,76.8,0,3,72.84,1
8.18,67.3,77.51,3,3,51.44,1
5.23,68.55,55.33,0,3,52.83,0
6.87,99.38,71.56,0,1,34.96,0
8.13,52.01,30.71,0,4,54.49,0
7.52,93.35,74.53,1,2,90.37,1
9.28,78.93,93.93,3,4,46.32,1
8.29,71.93,72.88,0,4,78.66,1
5.81,86.26,91.16,1,3,74.07,0
5.35,74.33,80.68,2,1,90.44,0
8.21,93.67,38.44,2,0,39.26,0
5.13,95.04,93.17,0,1,98.43,0
7.93,71.09,34.65,2,4,70.78,1
9.7,63.84,67.38,3,1,99.68,1
7.88,79.62,39.95,2,3,93.81,1
6.94,95.62,30.82,2,0,45.51,0
8.22,60.53,59.54,3,3,33.93,1
7.29,81.15,50.65,0,0,47.89,0
7.73,81.58,64.02,0,4,66.93,1
9.71,86.66,70.4,3,0,42.01,1
6.93,56.58,33.06,3,0,41.72,0
9.81,85.79,38.61,3,0,62.38,1
9.53,95.45,69.1,2,1,32.33,1
5.98,58.98,54.02,3,1,38.53,0
5.35,61.88,81.04,1,4,59.11,0
5.5,98.57,75.66,2,0,34.42,0
5.09,59.05,89.19,0,2,57.77,0
5.47,92.72,78.47,0,4,63.18,0
8.42,74.61,60.1,0,0,61.59,0
5.36,62.36,77.11,2,0,90.84,0
6.59,93.54,49.28,1,1,67.1,0
9.22,72.27,51.44,3,4,62.76,1
5.12,75.74,85.23,3,0,58.75,0
9.07,67.96,61.25,0,0,87.23,0
6.41,79.65,85.89,0,4,92.65,1
5.59,58.18,87.57,2,2,89.73,0
8.48,69.55,90.03,1,4,77.15,1
8.14,98.47,94.16,3,4,39.62,1
9.39,62.91,60.17,2,2,49.38,1
8.68,82.84,52.32,3,4,33.22,1
9.02,66.26,70.75,0,0,95.16,0
6.41,88.67,55.98,3,4,76.26,1
5.89,56.54,72.08,1,2,82.25,0
8.75,98.49,79.39,1,3,51.81,1
9.03,72.69,78.19,0,4,89.2,1
9.95,61.8,56.22,1,1,48.17,1
7.06,53.67,41.68,1,0,30.12,0
6.86,58.49,60.14,2,0,56.35,0
8.88,75.99,39.98,3,1,69.95,1
6.7,66.85,92.31,0,1,63.51,0
9.65,91.44,54.21,0,4,90.35,1
9.29,71.54,40.81,0,1,37.38,0
7.14,62.44,31.78,0,3,68.77,0
8.75,80.86,75.21,0,2,65.91,1
8.77,85.34,74.58,1,1,49.7,1
5.52,58.35,53.84,2,1,87.56,0
9.51,58.38,35.02,0,3,82.7,1
7.53,51.83,58.67,2,0,81.3,0
9.13,86.82,51.79,2,0,91.33,1
6.6,83.19,77.4,1,4,80.59,1
9.48,73.73,72.4,0,3,46.23,1
6.95,92.21,55.52,1,2,79.39,0
5.05,90.28,45.25,0,2,51.54,0
9.53,79.27,99.16,1,3,46.95,1
5.46,93.41,61.78,2,2,35.11,0
6.6,60.29,78.18,0,0,82.08,0
9.75,55.6,39.84,3,2,79.77,1
9.75,63.49,63.99,2,2,46.41,1
7.87,52.85,31.93,3,3,82.46,1
8.16,76.56,65.38,2,3,94.25,1
7.24,96.83,97.48,1,2,37.56,1
6.47,51.97,56.89,0,1,46.28,0
6.64,56.11,32.73,2,3,82.52,0
8.36,72.61,32.17,1,4,49.22,1
8.76,96.69,57.16,0,4,73.73,1
8.96,65.81,41.2,0,0,35.68,0
8.95,75.36,31.63,2,2,61.65,1
5.46,52.08,82.93,0,1,81.74,0
7.47,57.42,62.1,2,0,78.06,0
5.29,99.33,50.25,0,2,87.06,0
7.75,98.26,93.01,3,3,91.42,1
7.21,50.25,38.13,1,4,84.12,0
9.44,97.59,96.91,3,1,77.01,1
6.75,81.96,51.98,2,4,32.22,0
5.59,93.4,92.19,3,3,67.45,1
5.71,72.74,72.21,2,2,32.64,0
8.81,75.78,87.87,0,3,86.56,1
8.09,74.44,98.88,0,3,52.45,1
5.51,83.34,50.19,2,4,69.37,0
5.42,56.98,97.28,3,1,49.56,0
8.5,51.5,57.26,0,3,84.78,0
5.36,65.4,56.99,1,4,92.06,0
9.11,85.23,53.83,0,1,57.9,0
8.53,60.09,67.9,1,2,90.4,1
5.41,83.67,40.79,3,2,48.7,0
5.42,98.5,68.76,1,0,67.43,0
9.93,54.7,67.92,1,4,90.11,1
6.87,83.63,83.33,1,1,52.81,0
6.85,72.19,88.36,1,3,96.78,1
9.06,93.41,60.83,0,2,38.53,1
9.74,58.86,51.16,1,1,31.28,0
9.93,84.63,48.15,0,4,93.29,1
8.77,91.91,43.62,1,0,34.81,0
6.88,97.23,34.04,2,2,99.43,1
5.42,84.16,53.97,3,1,96.6,0
8.89,74.86,48.92,1,1,39.59,0
7.79,80.89,97.65,2,1,67.63,1
7.12,93.45,69.04,1,4,42.94,1
9.53,78.53,54.31,1,4,59.97,1
5.56,51.52,70.63,1,4,34.3,0
7.46,96.55,39.74,2,3,45.67,1
5.06,84.48,61.08,3,1,55.43,0
7.34,83.83,73.84,2,2,60.71,1
5.28,60.78,64.22,3,4,98.42,1
5.59,82.94,58.12,1,4,86.55,0
5.59,69.69,99.57,0,1,81.62,0
8.25,82.56,91.62,1,4,67.59,1
8.73,55.33,73.64,3,3,88.8,1
7.92,82.89,69.86,2,3,53.75,1
9.81,99.97,73.45,1,4,79.62,1
6.87,52.41,44.09,2,1,99.56,0
6.43,98.86,57.66,2,1,52.02,0
9.34,70.35,32.76,2,1,77.18,1
6.12,93.54,63.29,1,0,89.1,0
9.82,89.12,68.01,2,4,94.11,1
5.06,78.35,45.94,2,1,80.26,0
9.85,86.92,97.48,1,3,49.85,1
5.22,93.93,93.66,2,2,52.84,0
9.46,70.21,80.55,1,2,31.45,1
7.64,66.35,67.34,3,1,83.26,1
9.96,83.38,90.9,3,2,32.99,1
5.37,90.39,39.15,3,2,90.53,0
7.77,88.11,85.34,2,0,38.31,1
9.85,89.89,38.74,0,3,42.03,1
7.62,71.78,85.59,0,3,63.36,0
8.15,90.89,49.3,2,0,81.65,1
8.48,56.01,91.4,0,0,39.73,0
7.27,77.22,96.08,1,2,60.8,1
8.14,50.29,40.42,0,4,63.8,0
7.92,66.23,62.39,2,2,44.86,1
9.51,68.32,98.67,2,0,38.09,1
5.23,69.81,63.84,1,3,88.55,0
6.4,84.77,90.45,3,2,65.17,1
9.75,69.43,71.21,2,4,31.01,1
9.45,72.43,56.27,1,2,86.21,1
7.28,61.88,50.0,0,1,98.66,0
8.1,68.66,44.23,0,2,72.41,0
6.39,61.36,83.33,1,0,65.26,0
5.94,53.66,57.06,1,3,91.49,0
7.32,80.17,65.79,2,3,96.68,1
6.77,83.41,64.46,0,0,82.82,0
7.92,80.97,70.41,1,1,61.18,0
5.39,73.17,90.59,0,0,71.46,0
9.87,68.99,98.65,1,2,79.07,1
9.93,93.17,58.53,0,0,43.6,1
8.49,75.95,87.93,3,0,61.3,1
7.68,73.96,83.52,2,1,88.09,1
6.55,51.28,70.15,0,2,75.83,0
9.07,67.06,96.92,3,4,58.78,1
8.42,69.01,44.03,0,4,76.44,1
5.81,69.94,37.65,0,3,38.28,0
9.55,79.01,89.78,3,0,58.1,1
9.11,76.68,60.74,0,3,85.52,1
9.75,80.4,89.29,0,1,45.44,1
8.63,88.24,92.52,2,4,43.02,1
8.07,90.65,34.37,3,0,96.56,1
7.09,85.91,91.84,3,1,44.69,1
9.66,97.78,61.38,1,1,48.26,1
9.33,50.91,65.73,0,0,97.87,0
5.23,59.79,73.86,2,1,81.43,0
5.13,50.38,94.85,0,0,78.97,0
6.88,82.37,31.34,0,0,89.7,0
9.05,94.9,63.38,1,2,38.11,1
9.94,62.17,78.14,0,3,79.42,1
5.75,96.35,80.59,2,1,65.26,0
7.97,53.01,78.48,2,1,88.04,1
6.9,96.72,39.41,1,2,65.57,0
9.85,67.58,50.96,0,2,73.42,1
9.21,55.07,55.11,2,2,63.44,1
9.19,74.29,86.31,0,4,63.47,1
7.34,62.84,49.51,0,4,83.76,0
7.07,64.24,44.75,0,4,74.0,0
6.37,65.36,97.02,1,0,74.33,0
5.28,90.15,30.62,0,1,61.52,0
9.32,76.96,99.85,2,3,67.18,1
9.06,65.57,77.38,0,0,82.2,0
10.0,80.52,87.99,2,1,87.82,1
9.98,85.81,50.62,0,1,78.76,1
7.78,63.63,31.0,2,2,94.69,1
8.84,70.68,81.65,2,2,87.42,1
9.72,56.09,88.39,0,0,69.33,1
9.25,59.06,81.83,0,2,77.0,1
6.24,84.06,40.0,2,1,94.84,0
7.25,59.07,82.74,3,2,73.34,1
5.65,76.26,83.82,1,4,87.74,0
9.77,85.45,76.1,3,2,78.22,1
8.03,55.34,83.63,3,1,68.64,1
6.14,78.37,89.21,0,0,46.93,0
8.36,62.83,72.95,1,3,59.82,1
8.09,98.15,36.2,3,2,97.74,1
6.79,74.18,64.13,0,1,76.04,0
5.57,90.3,35.44,3,3,69.51,0
8.36,77.51,58.53,3,3,95.31,1
7.6,52.17,58.5,0,4,71.06,0
8.86,81.66,34.62,0,3,66.83,1
7.6,97.57,54.42,0,1,83.15,0
9.26,80.08,37.77,1,1,79.89,1
7.76,90.96,86.58,3,2,43.52,1
7.8,94.21,96.34,0,2,62.99,1
9.38,61.4,35.06,2,2,63.08,1
7.02,60.6,96.86,3,3,56.48,1
5.67,80.55,66.58,2,3,66.21,0
5.14,70.55,50.97,1,4,58.92,0
8.78,91.99,35.38,0,2,43.95,0
8.1,95.0,65.04,2,0,58.87,1
8.52,67.67,85.62,1,4,35.06,1
6.06,61.84,79.5,0,0,70.31,0
5.68,89.03,33.52,2,3,89.76,0
5.07,63.74,35.1,2,4,80.77,0
6.75,91.13,58.2,1,4,55.23,0
7.95,71.19,50.67,0,1,36.09,0
6.96,83.38,46.27,0,3,44.15,0
7.19,54.78,49.67,2,3,68.18,0
9.52,81.19,86.24,2,4,44.49,1
6.74,72.59,95.05,2,3,68.08,1
7.57,79.33,58.36,0,4,46.21,0
8.92,58.4,93.43,1,1,89.42,1
6.98,86.84,52.5,1,4,57.81,0
8.11,93.14,63.35,0,3,47.19,1
9.31,60.84,45.82,3,3,86.86,1
9.75,54.79,74.83,1,4,54.0,1
5.74,51.18,98.53,2,4,37.8,0
9.63,82.1,72.24,3,4,69.93,1
7.46,80.35,55.05,3,2,70.71,1
6.29,77.33,75.35,1,3,80.03,0
7.3,61.6,38.6,3,3,46.82,1
9.9,69.55,92.21,3,2,61.06,1
7.46,79.72,65.22,1,4,49.77,1
6.64,74.84,61.45,1,1,35.67,0
8.17,99.39,71.01,3,4,91.36,1
6.2,56.82,73.73,2,4,81.02,1
5.38,84.76,35.02,0,2,51.1,0
5.64,70.22,77.78,3,3,71.96,1
5.64,71.41,46.94,3,4,44.09,0
5.76,85.88,79.98,2,3,92.32,1
5.69,84.62,87.58,3,0,38.04,0
8.2,99.56,86.28,3,3,30.27,1
5.91,56.42,68.68,0,1,65.14,0
6.73,55.21,66.41,0,1,70.82,0
9.48,86.22,40.0,0,4,70.53,1
7.37,78.92,84.27,1,3,33.82,1
8.34,63.71,49.0,1,4,51.98,1
5.86,53.97,64.77,0,2,64.94,0
5.96,54.28,49.9,0,1,45.16,0
5.2,94.71,39.37,1,4,91.08,0
5.84,59.59,74.07,2,2,36.1,0
6.39,66.17,33.8,3,4,64.12,0
5.89,61.33,82.41,3,3,78.4,1
5.44,67.75,52.23,0,3,48.32,0
5.6,53.47,30.01,2,3,73.7,0
7.3,75.95,65.78,1,3,88.06,1
6.03,53.38,33.28,0,0,43.32,0
6.82,90.02,49.33,2,2,94.21,1
7.52,61.69,79.49,2,2,68.75,1
8.45,77.0,34.39,2,3,50.95,1
5.2,94.0,88.75,1,0,60.16,0
9.0,82.54,30.27,1,3,51.85,1
8.14,76.65,47.28,3,0,80.76,1
5.41,66.22,81.86,3,3,85.74,1
9.37,66.65,52.14,2,1,88.31,1
9.6,83.47,37.13,2,1,99.0,1
5.31,99.71,55.22,1,4,85.39,0
6.38,83.09,48.93,3,3,72.1,1
9.03,77.89,88.99,2,2,53.75,1
8.74,86.53,51.93,3,4,68.12,1
5.92,73.26,85.23,3,1,32.87,0
6.05,53.01,92.43,2,3,82.14,1
6.85,78.11,60.37,1,4,61.22,0
7.42,97.88,93.7,2,3,31.4,1
8.09,58.77,56.41,2,1,34.38,0
6.84,84.5,97.49,3,4,57.12,1
7.31,60.05,36.25,2,1,70.84,0
8.74,76.79,78.09,1,0,62.49,1
5.18,54.83,64.57,2,1,73.34,0
6.26,72.52,57.14,1,3,63.62,0
8.57,87.81,74.29,1,2,76.32,1
9.48,67.38,79.27,3,1,45.34,1
7.56,83.25,30.31,0,2,37.9,0
7.66,89.77,41.69,0,0,71.75,0
5.54,96.36,79.91,3,4,63.93,1
7.24,61.73,76.65,2,4,31.88,1
7.66,69.97,97.62,3,2,56.63,1
6.21,57.62,83.27,1,4,37.43,0
6.35,99.62,96.55,0,1,67.19,0
6.89,96.35,79.18,3,2,57.7,1
5.1,77.0,50.86,2,3,72.92,0
6.61,92.1,37.38,3,1,86.39,0
6.06,76.05,84.73,0,1,50.98,0
6.64,81.18,75.09,3,1,97.35,1
5.6,54.46,33.37,3,3,67.49,0
9.45,87.76,55.2,0,0,73.28,0
7.97,56.39,96.98,1,4,77.65,1
8.4,91.3,65.03,1,2,76.67,1
8.95,89.1,60.29,0,0,65.77,0
7.49,85.44,62.04,3,2,60.01,1
5.43,51.81,44.62,0,4,33.76,0
7.69,65.16,55.81,1,3,31.55,0
7.93,63.16,55.89,2,1,55.06,0
8.73,68.01,33.66,3,1,53.36,1
7.16,54.38,83.73,1,3,57.14,0
5.64,96.85,59.16,3,0,39.69,0
6.42,77.69,87.55,0,0,81.67,0
6.82,65.28,89.52,2,2,89.99,1
8.23,69.85,44.84,0,3,95.71,0
7.85,72.36,76.01,2,0,64.47,1
6.78,80.03,63.06,3,3,79.06,1
9.93,75.78,91.61,3,4,89.89,1
8.03,95.97,45.1,0,1,59.28,0
6.19,74.85,77.45,2,1,51.66,0
5.51,99.61,72.54,2,1,95.57,0
5.76,92.57,50.67,3,3,66.1,1
6.23,60.43,39.56,0,3,64.81,0
5.8,96.53,75.61,2,2,42.49,0
5.93,55.82,81.7,3,1,37.57,0
6.43,90.87,52.09,1,2,88.95,0
5.87,69.03,75.14,0,1,72.99,0
9.48,93.9,57.66,1,2,52.81,1
5.4,93.4,79.92,0,2,43.42,0
7.62,90.3,43.95,3,4,68.88,1
7.05,89.5,92.32,2,2,70.87,1
9.91,65.23,50.12,2,3,44.49,1
5.56,54.05,55.75,2,2,89.6,0
6.99,70.15,34.07,0,1,35.9,0
9.85,58.68,37.81,3,2,54.93,1
9.33,84.75,66.11,1,0,77.63,1
9.09,67.3,48.73,3,1,49.19,1
6.29,98.78,88.48,1,0,87.94,0
5.85,82.05,31.03,0,1,81.79,0
8.34,91.12,56.54,0,3,85.23,1
9.65,56.63,53.61,1,3,38.34,1
7.78,93.1,31.35,1,3,39.84,0
7.86,96.14,38.71,1,0,50.05,0
6.4,74.35,58.95,3,4,66.27,1
8.85,80.31,64.5,1,1,82.36,1
5.94,88.24,58.3,0,3,88.56,0
6.62,58.74,67.17,0,1,79.3,0
7.13,75.13,71.66,2,0,95.0,0
7.54,69.93,30.69,1,4,81.71,0
6.21,57.32,62.49,3,0,51.44,0
5.57,68.38,97.44,3,1,48.56,0
8.05,53.41,66.33,3,4,78.73,1
6.44,51.29,77.43,2,4,43.5,0
7.91,56.76,51.83,0,0,36.49,0
5.77,98.16,84.18,3,3,67.26,1
7.41,77.48,84.1,0,1,87.51,0
7.66,98.29,66.49,2,2,37.1,1
5.26,71.62,98.32,1,2,85.43,0
6.68,65.59,38.79,1,0,86.81,0
5.67,75.31,31.19,1,1,63.76,0
5.32,71.98,83.91,3,1,34.01,0
9.95,55.28,86.5,1,0,42.22,1
6.61,82.04,38.41,3,1,79.52,0
9.05,60.8,48.59,2,3,79.82,1
6.27,80.98,31.23,2,0,92.88,0
8.41,82.51,50.53,3,3,70.79,1
8.8,57.6,84.12,0,1,38.69,0
7.98,53.07,66.26,1,0,38.5,0
7.36,89.04,54.37,1,1,80.48,0
7.06,72.99,56.02,1,0,42.86,0
6.74,52.91,30.09,3,1,52.99,0
9.65,99.74,50.99,2,3,64.1,1
9.15,52.89,75.25,1,3,31.73,1
9.83,84.75,98.19,2,1,47.42,1
5.62,99.18,89.29,1,0,58.55,0
8.65,61.96,31.65,1,2,49.57,0
9.69,57.11,92.9,3,3,39.55,1
5.91,56.07,84.82,0,3,80.96,0
5.33,65.16,84.63,3,2,86.92,0
8.71,55.05,62.06,1,1,48.02,0
7.87,84.61,57.86,1,0,84.21,0
9.21,53.11,51.2,0,1,56.99,0
5.7,75.47,34.6,2,4,65.47,0
8.98,99.83,45.98,2,3,89.92,1
6.01,90.7,47.26,1,4,82.5,0
5.82,80.76,63.89,2,3,86.36,0
5.82,65.31,82.32,1,3,39.58,0
9.07,81.19,63.17,0,4,34.88,1
8.33,76.35,34.05,0,4,92.54,1
7.62,71.3,97.05,1,1,57.15,0
6.79,56.54,95.99,0,4,50.15,0
9.39,94.33,84.96,3,1,80.73,1
6.96,72.49,99.39,3,1,88.55,1
9.08,59.73,68.11,0,1,90.37,1
7.2,68.39,97.39,1,3,52.12,1
6.88,70.71,35.29,1,3,89.65,0
7.31,91.38,55.6,0,4,32.87,0
6.51,86.68,45.78,2,3,33.48,0
8.74,88.47,43.71,3,4,73.65,1
7.51,50.55,39.86,2,3,34.42,0
6.16,70.81,73.57,1,0,52.72,0
9.5,74.07,84.69,1,0,77.09,1
6.92,50.96,70.48,2,4,53.61,1
7.72,62.99,40.29,0,3,42.57,0
9.53,88.01,86.78,2,3,49.69,1
8.12,56.86,74.52,2,1,62.03,1
5.58,76.77,57.17,3,2,63.28,0
9.7,60.76,77.19,3,4,84.81,1
8.14,50.61,48.19,2,2,82.51,1
6.67,62.06,54.16,2,2,61.98,0
5.7,98.79,94.22,1,4,89.2,1
8.97,90.08,50.34,3,3,38.0,1
8.1,97.98,62.9,3,4,47.87,1
7.67,74.39,92.31,1,2,87.96,1
9.47,55.49,79.54,0,3,56.46,1
8.94,77.4,34.35,3,0,98.68,1
5.76,72.72,40.31,3,4,62.64,0
6.56,92.22,30.55,0,4,85.44,0
6.24,54.9,74.16,3,3,58.16,1
8.72,74.41,61.34,3,0,59.75,1
5.17,57.5,39.4,0,0,56.8,0
7.85,66.23,97.06,0,3,80.34,1
8.81,86.87,67.08,2,1,68.33,1
9.38,73.8,46.93,1,4,96.06,1
6.71,68.79,65.04,1,4,47.56,0
9.11,69.72,77.57,0,2,37.04,1
5.55,72.97,35.34,0,3,57.53,0
9.23,89.25,49.23,3,2,73.17,1
5.64,94.6,86.49,2,2,90.26,1
6.99,97.77,62.18,2,0,54.23,0
8.99,89.35,68.26,0,4,75.77,1
5.75,65.77,60.3,3,2,54.51,0
6.15,84.41,33.07,3,0,73.21,0
8.61,71.88,41.6,1,3,91.94,1
8.6,62.73,61.19,1,2,46.2,0
8.21,92.04,44.64,3,4,58.3,1
8.47,51.92,33.5,1,2,99.53,0
7.71,95.09,89.06,0,3,90.8,1
6.26,73.07,98.68,3,2,69.52,1
6.73,81.86,85.52,1,4,66.16,1
5.91,82.97,89.76,2,0,49.92,0
9.54,94.76,46.94,3,4,66.2,1
7.92,81.83,97.24,3,0,89.37,1
7.0,80.7,43.78,2,1,77.96,0
7.31,53.33,96.6,0,4,50.3,0
9.74,75.92,99.64,2,4,44.1,1
5.77,57.51,79.82,3,3,48.56,0
7.93,86.87,98.68,0,2,41.88,1
7.53,75.61,69.87,1,0,36.69,0
8.06,84.01,48.17,1,0,59.34,0
5.09,52.08,60.59,1,3,37.93,0
9.36,54.24,71.55,3,3,42.03,1
9.66,85.82,35.12,2,2,68.31,1
7.83,53.6,73.56,0,2,41.52,0
8.48,53.56,98.68,1,4,34.47,1
9.61,50.61,43.31,0,1,52.22,0
8.54,97.83,85.48,3,2,45.42,1
5.76,86.88,93.55,1,3,66.07,0
7.88,67.66,96.06,3,2,37.17,1
8.03,64.83,97.21,2,0,82.62,1
7.12,67.49,66.5,3,1,93.44,1
8.68,88.73,98.41,3,4,82.04,1
9.67,83.07,83.01,2,0,67.3,1
9.63,59.26,41.32,0,0,90.25,0
7.25,58.71,63.38,2,1,78.64,0
5.57,54.92,80.28,2,4,30.74,0
9.92,83.02,47.31,3,3,57.59,1
9.19,88.22,74.84,0,4,89.57,1
5.62,63.25,76.66,1,2,54.21,0
9.6,51.05,41.39,2,0,32.47,0
9.35,54.11,69.56,0,2,82.23,1
7.59,98.39,84.01,2,3,86.14,1
7.96,64.77,64.92,2,2,41.24,1
7.0,88.46,30.85,2,4,67.61,1
5.27,81.23,30.63,2,2,43.44,0
6.68,69.1,54.99,3,3,80.35,1
9.01,60.28,94.83,0,3,49.01,1
5.02,56.07,46.01,0,3,52.14,0
6.67,80.75,74.41,0,4,89.15,0
6.99,88.73,45.55,2,3,63.34,1
7.69,82.2,52.52,3,0,76.88,1
9.6,76.52,89.36,2,3,58.17,1
6.73,52.1,81.02,2,2,50.86,0
6.73,98.42,36.68,0,2,73.78,0
8.69,89.94,60.01,2,2,40.84,1
7.26,64.64,32.04,1,4,56.11,0
6.12,99.0,63.66,2,2,44.63,0
7.26,80.09,76.37,1,4,78.71,1
5.7,79.12,38.3,2,4,96.09,0
5.88,87.4,50.22,3,3,99.69,1
7.49,90.59,57.85,3,0,61.52,1
7.09,82.82,94.37,0,3,47.68,0
9.57,56.4,99.53,2,3,61.0,1
6.81,66.91,33.14,1,4,89.31,0
7.9,96.4,83.27,1,4,44.42,1
8.16,61.23,56.02,2,2,96.65,1
5.07,68.61,57.47,1,2,53.93,0
8.32,71.6,82.8,3,3,99.01,1
5.89,71.97,94.29,1,1,88.7,0
9.81,80.65,96.57,0,1,86.6,1
5.74,97.15,70.4,3,2,52.25,0
7.07,62.03,55.0,3,1,30.61,0
5.43,56.08,85.13,3,2,56.75,0
9.98,59.87,47.57,2,4,51.13,1
7.51,94.35,69.49,2,3,32.62,1
7.98,82.29,55.1,3,0,65.38,1
5.34,64.3,75.96,2,3,58.21,0
8.75,90.8,46.83,1,2,74.42,1
6.05,93.07,43.41,2,2,73.48,0
9.49,92.33,94.28,2,3,38.45,1
6.03,95.95,37.13,3,2,98.39,1
5.95,62.61,65.42,0,1,43.09,0
5.18,87.75,45.46,0,1,61.17,0
7.36,73.03,32.73,0,2,64.17,0
7.82,92.1,32.52,1,2,86.91,0
5.33,86.42,42.27,2,1,36.95,0
8.88,88.82,90.67,0,2,60.01,1
7.27,82.81,49.77,3,2,74.0,1
7.62,58.87,96.53,0,3,45.06,0
7.2,77.25,70.71,0,0,73.92,0
7.0,99.23,60.56,2,1,94.66,1
7.8,96.87,70.61,2,3,99.83,1
5.78,52.16,66.17,2,0,32.27,0
5.91,58.24,83.11,1,2,46.49,0
9.31,56.59,49.77,1,2,51.72,1
9.73,86.3,54.71,0,3,57.94,1
6.87,90.89,92.59,2,2,46.96,1
6.35,60.68,96.25,0,4,44.24,0
8.22,75.29,92.48,3,3,96.82,1
7.04,92.04,59.36,3,0,94.3,1
5.13,86.64,84.63,2,3,33.29,0
5.78,77.11,63.34,2,1,53.72,0
8.58,79.52,64.83,3,3,58.36,1
8.29,75.42,44.33,2,2,46.73,1
5.14,64.88,71.38,1,2,74.02,0
6.11,78.25,43.03,1,4,74.83,0
6.16,84.44,53.21,2,4,89.54,1
8.36,93.67,89.85,3,4,81.86,1
5.1,81.81,44.5,0,0,67.98,0
5.52,88.06,34.98,2,4,75.75,0
9.0,58.0,34.83,2,0,49.18,0
5.89,73.08,95.85,0,4,71.51,0
8.26,50.47,65.48,2,0,64.25,0
6.19,62.33,58.66,0,3,39.33,0
5.5,86.32,86.76,3,3,46.98,1
6.22,99.59,88.51,1,2,50.42,0
8.61,54.96,53.25,3,0,94.7,1
9.28,70.07,78.55,1,1,46.13,1
9.15,90.0,83.98,0,2,50.25,1
6.99,60.2,75.83,1,3,55.85,0
8.34,77.75,40.61,3,0,76.46,1
6.02,86.65,91.31,1,4,38.28,0
6.47,80.8,67.74,0,1,96.78,0
9.48,59.4,49.77,1,3,90.59,1
5.07,67.77,59.77,2,2,70.41,0
5.43,89.19,32.63,3,0,77.18,0
6.04,77.71,38.95,2,1,31.17,0
5.13,50.26,83.59,0,0,53.73,0
5.91,88.05,30.0,1,4,85.7,0
7.92,51.77,59.16,2,2,35.42,0
7.11,87.29,66.58,2,0,49.76,0
9.46,60.12,33.82,1,3,70.97,1
9.09,97.9,98.12,1,2,47.95,1
6.71,68.4,45.83,3,3,95.38,1
6.3,66.35,51.29,2,0,39.17,0
6.9,57.44,51.28,2,2,85.82,0
7.95,65.28,46.13,0,3,65.56,0
6.34,93.83,30.1,3,4,82.52,1
8.12,99.82,81.05,0,4,51.75,1
7.05,68.42,97.68,2,0,66.01,0
7.76,72.43,45.7,0,2,89.98,0
7.18,86.1,76.41,2,1,62.68,1
6.47,94.31,81.93,2,2,55.18,1
9.74,79.65,89.39,0,4,67.53,1
8.82,69.58,59.58,0,3,80.22,1
5.7,70.63,51.21,1,1,61.05,0
9.34,84.78,52.77,1,0,95.72,1
7.44,50.16,79.88,1,1,50.65,0
9.47,80.98,87.17,2,0,63.28,1
9.0,67.77,42.71,0,1,82.98,0
7.13,89.71,55.97,3,0,78.24,1
5.11,54.65,93.14,2,0,90.45,0
6.34,79.41,86.47,3,1,99.78,1
7.71,74.05,98.94,0,1,59.88,0
8.17,82.12,82.8,2,0,37.78,1
6.29,53.24,57.52,3,4,32.13,0
5.7,79.0,71.34,3,1,80.88,0
9.17,78.07,76.27,1,2,91.18,1
9.92,78.03,35.49,1,3,45.45,1
7.63,80.17,68.11,1,0,41.09,0
5.86,83.82,79.65,2,0,34.35,0
6.36,90.25,41.71,0,3,87.59,0
5.09,63.49,84.64,0,4,51.8,0
9.57,91.25,70.86,1,3,58.12,1
5.59,74.91,96.66,1,1,65.19,0
7.88,53.85,32.97,1,3,88.76,0
6.37,52.93,48.57,3,0,75.56,0
7.77,66.71,72.11,1,3,73.05,1
8.26,89.24,50.76,3,2,42.3,1
9.15,85.38,80.01,0,1,65.92,1
6.03,89.43,83.13,2,3,80.08,1
5.05,75.86,37.18,2,0,98.13,0
5.68,72.01,65.97,2,1,44.1,0
9.5,57.37,65.62,2,0,30.67,1
9.37,66.41,55.85,3,4,35.27,1
7.99,71.7,95.3,3,2,56.31,1
8.0,54.43,87.93,1,4,87.44,1
8.33,61.03,78.8,3,2,30.5,1
5.88,79.91,80.0,1,3,61.97,0
9.57,86.78,62.32,1,1,53.05,1
7.09,99.92,94.47,2,3,33.67,1
6.92,96.66,78.62,3,2,61.52,1
7.59,82.13,81.03,3,2,47.83,1
5.23,71.06,90.32,1,2,54.63,0
5.83,81.81,49.19,1,0,79.39,0
8.69,89.28,86.49,0,1,66.51,1
5.41,55.92,43.67,0,3,38.73,0
8.02,70.5,54.17,1,3,97.3,1
6.23,91.99,53.49,0,4,74.51,0
6.95,69.19,98.5,0,2,83.61,0
6.44,78.59,89.96,1,2,35.54,0
6.78,79.39,79.08,1,2,33.29,0
8.6,59.22,80.89,3,3,31.36,1
6.49,68.11,69.35,1,4,43.22,0
7.83,66.73,96.3,1,0,59.01,0
7.38,51.31,64.74,2,1,95.51,0
8.32,51.21,56.64,3,0,61.99,1
9.68,91.58,41.41,3,3,50.32,1
8.66,63.65,85.03,3,2,69.34,1
6.07,75.9,81.41,2,1,37.84,0
5.16,64.94,56.9,1,3,72.67,0
6.31,97.03,31.76,3,3,69.79,1
7.98,62.96,88.73,3,3,85.44,1
5.26,71.48,30.8,0,1,99.07,0
7.48,93.64,79.26,3,1,47.56,1
7.98,92.1,97.92,1,4,65.68,1
6.67,59.31,60.64,1,4,93.62,0
8.85,90.13,46.45,0,0,84.96,0
5.53,72.91,79.34,3,1,64.12,0
5.38,74.15,87.2,3,1,96.18,0
8.64,56.67,68.25,3,1,34.01,1
7.48,54.03,97.69,2,4,95.17,1
8.44,86.4,33.62,3,3,33.54,1
7.17,74.82,65.34,1,2,68.31,0
6.23,71.84,80.29,1,4,92.33,1
9.1,86.48,90.38,2,1,48.39,1
9.0,88.28,42.55,2,4,63.06,1
8.47,57.95,86.0,3,0,52.7,1
6.36,80.51,68.69,0,1,96.65,0
7.95,56.77,57.76,2,0,87.66,0
6.8,87.57,39.22,2,1,79.63,0
5.46,82.85,90.57,3,4,71.13,1
9.59,97.83,41.01,3,3,87.44,1
5.68,53.45,51.69,2,2,57.46,0
9.75,52.85,50.3,0,0,61.33,0
7.23,64.11,91.0,2,4,81.1,1
